01_OBJECT,DST_PRIPIS_PODATKI,,,,,,,,TABLE,VALID,2026-07-24 09:37:26,
02_TABLE,DST_PRIPIS_PODATKI,,,,,,,,1935694,142,2026-04-02 21:02:58,
03_COLUMN,DST_PRIPIS_PODATKI,,1,ID,VARCHAR2(25 CHAR),,,,N,100,,Identifikator tabele
03_COLUMN,DST_PRIPIS_PODATKI,,2,CREATED_AT,TIMESTAMP(6),,,,Y,11,DEFAULT EXISTS; LENGTH=12,Kreirano
03_COLUMN,DST_PRIPIS_PODATKI,,3,DST_SID,"NUMBER(28,0)",,,,Y,22,,Identifikator dela stavbe
03_COLUMN,DST_PRIPIS_PODATKI,,4,EID,VARCHAR2(20 CHAR),,,,Y,80,,Eid
03_COLUMN,DST_PRIPIS_PODATKI,,5,ID_MODEL,VARCHAR2(10 CHAR),,,,Y,40,,Identifikator model
03_COLUMN,DST_PRIPIS_PODATKI,,6,ERROR_MSG,VARCHAR2(1000 BYTE),,,,Y,1000,,Error msg
03_COLUMN,DST_PRIPIS_PODATKI,,7,RAVEN,"NUMBER(4,0)",,,,Y,22,,Raven
03_COLUMN,DST_PRIPIS_PODATKI,,8,CONA_IME,VARCHAR2(50 BYTE),,,,Y,50,,Cona Ime
03_COLUMN,DST_PRIPIS_PODATKI,,9,D_DST,"NUMBER(7,6)",,,,Y,22,,D dst
03_COLUMN,DST_PRIPIS_PODATKI,,10,IZMERA,"NUMBER(12,2)",,,,Y,22,,Izmera
03_COLUMN,DST_PRIPIS_PODATKI,,11,LETO_IZG_STA,"NUMBER(4,0)",,,,Y,22,,Leto izg sta
03_COLUMN,DST_PRIPIS_PODATKI,,12,VT_DST,"NUMBER(12,2)",,,,Y,22,,Vt dst
03_COLUMN,DST_PRIPIS_PODATKI,,13,POV_LETO_OBN,"NUMBER(4,0)",,,,Y,22,,Pov Leto obn
03_COLUMN,DST_PRIPIS_PODATKI,,14,F_OBN,"NUMBER(12,2)",,,,Y,22,,F obn
03_COLUMN,DST_PRIPIS_PODATKI,,15,T_LAST,"NUMBER(12,2)",,,,Y,22,,T last
03_COLUMN,DST_PRIPIS_PODATKI,,16,F_LAST,"NUMBER(12,2)",,,,Y,22,,F last
03_COLUMN,DST_PRIPIS_PODATKI,,17,F_NK,"NUMBER(12,2)",,,,Y,22,,F nk
03_COLUMN,DST_PRIPIS_PODATKI,,18,POVR_ZPS,"NUMBER(12,2)",,,,Y,22,,Povr zps
03_COLUMN,DST_PRIPIS_PODATKI,,19,F_D_DST,"NUMBER(7,6)",,,,Y,22,,F d dst
03_COLUMN,DST_PRIPIS_PODATKI,,20,VT_ZPS_M2,"NUMBER(12,2)",,,,Y,22,,Vt zps m2
03_COLUMN,DST_PRIPIS_PODATKI,,21,VT_PRI,"NUMBER(12,2)",,,,Y,22,,Vt pri
03_COLUMN,DST_PRIPIS_PODATKI,,22,VPLIVI,VARCHAR2(1000 BYTE),,,,Y,1000,,Vplivi
03_COLUMN,DST_PRIPIS_PODATKI,,23,F_ODD,"NUMBER(12,2)",,,,Y,22,,F odd
03_COLUMN,DST_PRIPIS_PODATKI,,24,T_DP,"NUMBER(12,2)",,,,Y,22,,T dp
03_COLUMN,DST_PRIPIS_PODATKI,,25,F_DP,"NUMBER(12,2)",,,,Y,22,,F dp
03_COLUMN,DST_PRIPIS_PODATKI,,26,T_LEGE,"NUMBER(12,2)",,,,Y,22,,T lege
03_COLUMN,DST_PRIPIS_PODATKI,,27,F_LEGE,"NUMBER(12,2)",,,,Y,22,,F lege
03_COLUMN,DST_PRIPIS_PODATKI,,28,F_GAR,"NUMBER(12,2)",,,,Y,22,,F gar
03_COLUMN,DST_PRIPIS_PODATKI,,29,POVR_PPP_P,"NUMBER(12,2)",,,,Y,22,,Povr ppp p
03_COLUMN,DST_PRIPIS_PODATKI,,30,POVR_PPL_P,"NUMBER(12,2)",,,,Y,22,,Povr ppl p
03_COLUMN,DST_PRIPIS_PODATKI,,31,FAKTOR_P,"NUMBER(12,2)",,,,Y,22,,Faktor p
03_COLUMN,DST_PRIPIS_PODATKI,,32,F_LP,"NUMBER(7,6)",,,,Y,22,,F lp
03_COLUMN,DST_PRIPIS_PODATKI,,33,POVR_DP_P,"NUMBER(12,2)",,,,Y,22,,Povr dp p
03_COLUMN,DST_PRIPIS_PODATKI,,34,VT_DP_M2_P,"NUMBER(12,2)",,,,Y,22,,Vt dp m2 p
03_COLUMN,DST_PRIPIS_PODATKI,,35,POVR_PPL_L,"NUMBER(12,2)",,,,Y,22,,Povr ppl l
03_COLUMN,DST_PRIPIS_PODATKI,,36,POVR_PPP_L,"NUMBER(12,2)",,,,Y,22,,Povr ppp l
03_COLUMN,DST_PRIPIS_PODATKI,,37,FAKTOR_L,"NUMBER(12,2)",,,,Y,22,,Faktor l
03_COLUMN,DST_PRIPIS_PODATKI,,38,F_PL,"NUMBER(12,2)",,,,Y,22,,F pl
03_COLUMN,DST_PRIPIS_PODATKI,,39,POVR_DP_L,"NUMBER(12,2)",,,,Y,22,,Povr dp l
03_COLUMN,DST_PRIPIS_PODATKI,,40,VT_DP_M2_L,"NUMBER(12,2)",,,,Y,22,,Vt dp m2 l
03_COLUMN,DST_PRIPIS_PODATKI,,41,POVR_DP_TUR,"NUMBER(12,2)",,,,Y,22,,Povr dp tur
03_COLUMN,DST_PRIPIS_PODATKI,,42,VT_DP_M2_TUR,"NUMBER(12,2)",,,,Y,22,,Vt dp m2 tur
03_COLUMN,DST_PRIPIS_PODATKI,,43,JN_REV_NUM,"NUMBER(12,0)",,,,N,22,,Stevilka revizije spremembe
03_COLUMN,DST_PRIPIS_PODATKI,,44,VREDNOST,"NUMBER(12,2)",,,,Y,22,,Vrednost
04_CONSTRAINT,DST_PRIPIS_PODATKI,SYS_C00101385,,ID,C,C,,,ENABLED,VALIDATED,,DEFERRABLE=NOT DEFERRABLE; DEFERRED=IMMEDIATE
04_CONSTRAINT,DST_PRIPIS_PODATKI,SYS_C00101386,,JN_REV_NUM,C,C,,,ENABLED,VALIDATED,,DEFERRABLE=NOT DEFERRABLE; DEFERRED=IMMEDIATE
04_CONSTRAINT,DST_PRIPIS_PODATKI,SYS_C00102666,1,ID,P,P,,,ENABLED,VALIDATED,,DEFERRABLE=NOT DEFERRABLE; DEFERRED=IMMEDIATE
05_INDEX,DST_PRIPIS_PODATKI,SYS_C00102666,1,ID,ID,,,,UNIQUE,NORMAL,ASC,STATUS=VALID; PARTITIONED=NO; COMPRESSION=DISABLED
01_OBJECT,JN_DEL_STAVBE,,,,,,,,TABLE,VALID,2026-07-24 09:37:29,
02_TABLE,JN_DEL_STAVBE,,,,,,,,11133941,97,2026-07-24 21:01:46,
03_COLUMN,JN_DEL_STAVBE,,1,DST_SID,"NUMBER(12,0)",,,,N,22,,Identifikator dela stavbe
03_COLUMN,JN_DEL_STAVBE,,2,STA_SID,"NUMBER(12,0)",,,,N,22,,Identifikator stavbe (stavba) 
03_COLUMN,JN_DEL_STAVBE,,3,STEV_DST,"NUMBER(4,0)",,,,N,22,,Stevilka dela stavbe
03_COLUMN,JN_DEL_STAVBE,,4,STEV_STAN,VARCHAR2(4 CHAR),,,,Y,16,,Stev stan
03_COLUMN,JN_DEL_STAVBE,,5,POVRSINA,"NUMBER(10,2)",,,,Y,22,,Površina
03_COLUMN,JN_DEL_STAVBE,,6,UPOR_POV,"NUMBER(10,2)",,,,Y,22,,Upor pov
03_COLUMN,JN_DEL_STAVBE,,7,HS_MID,"NUMBER(12,0)",,,,Y,22,,Hs Identifikator zapisa
03_COLUMN,JN_DEL_STAVBE,,8,LETO_OBN_OKEN,"NUMBER(4,0)",,,,Y,22,,Leto obn oken
03_COLUMN,JN_DEL_STAVBE,,9,LETO_OBN_INST,"NUMBER(4,0)",,,,Y,22,,Leto obn inst
03_COLUMN,JN_DEL_STAVBE,,10,ST_NADSTROPJA,"NUMBER(3,0)",,,,Y,22,,Številka nadstropja
03_COLUMN,JN_DEL_STAVBE,,11,ID_LEGA,"NUMBER(12,0)",,,,Y,22,,FK na SIF_LEGA.ID_LEGA
03_COLUMN,JN_DEL_STAVBE,,12,PROSTORNINA,"NUMBER(10,1)",,,,Y,22,,Prostornina
03_COLUMN,JN_DEL_STAVBE,,13,IMA_DVIGALO_DN,"NUMBER(1,0)",,,,Y,22,,Ima dvigalo
03_COLUMN,JN_DEL_STAVBE,,14,VISINA_ETAZE,"NUMBER(4,1)",,,,Y,22,,Visina etaze
03_COLUMN,JN_DEL_STAVBE,,15,ID_DR_DST,"NUMBER(12,0)",,,,Y,22,,Identifikator dr dst
03_COLUMN,JN_DEL_STAVBE,,16,JN_REV_NUM,"NUMBER(12,0)",,,,N,22,,Stevilka revizije spremembe
03_COLUMN,JN_DEL_STAVBE,,17,JN_REV_NUM_TO,"NUMBER(12,0)",,,,Y,22,,Jn rev num to
03_COLUMN,JN_DEL_STAVBE,,18,JN_REV_NUM_PREV,"NUMBER(12,0)",,,,Y,22,,Jn rev num prev
03_COLUMN,JN_DEL_STAVBE,,19,JN_STATUS,CHAR(1 BYTE),,,,Y,1,,Jn Status
03_COLUMN,JN_DEL_STAVBE,,20,DELEZ_DST_STAVBA,"NUMBER(7,6)",,,,Y,22,,Delez dst stavba
03_COLUMN,JN_DEL_STAVBE,,21,ZPS_DST,"NUMBER(10,2)",,,,Y,22,,Zps dst
03_COLUMN,JN_DEL_STAVBE,,22,ID_MODEL,VARCHAR2(10 CHAR),,,,Y,40,,Identifikator model
03_COLUMN,JN_DEL_STAVBE,,23,CCSI_STAR,VARCHAR2(10 CHAR),,,,Y,40,,Ccsi star
03_COLUMN,JN_DEL_STAVBE,,24,IMA_KATAS_VPIS_DN,"NUMBER(1,0)",,,,Y,22,,Ima katas vpis
03_COLUMN,JN_DEL_STAVBE,,25,EID,"NUMBER(20,0)",,,,Y,22,,Eid
03_COLUMN,JN_DEL_STAVBE,,26,HS_MID_CENX,NUMBER,,,,Y,22,,Hs Identifikator zapisa Centroid x
03_COLUMN,JN_DEL_STAVBE,,27,HS_MID_CENY,NUMBER,,,,Y,22,,Hs Identifikator zapisa Centroid y
03_COLUMN,JN_DEL_STAVBE,,28,HS_MID_CENTROID,SDO_GEOMETRY,,,,Y,1,,Hs Identifikator zapisa centroid
04_CONSTRAINT,JN_DEL_STAVBE,JN_DEL_STAVBE_PK,1,DST_SID,P,P,,,ENABLED,VALIDATED,,DEFERRABLE=NOT DEFERRABLE; DEFERRED=IMMEDIATE
04_CONSTRAINT,JN_DEL_STAVBE,JN_DEL_STAVBE_PK,2,JN_REV_NUM,P,P,,,ENABLED,VALIDATED,,DEFERRABLE=NOT DEFERRABLE; DEFERRED=IMMEDIATE
04_CONSTRAINT,JN_DEL_STAVBE,SYS_C00101427,,DST_SID,C,C,,,ENABLED,VALIDATED,,DEFERRABLE=NOT DEFERRABLE; DEFERRED=IMMEDIATE
04_CONSTRAINT,JN_DEL_STAVBE,SYS_C00101428,,STA_SID,C,C,,,ENABLED,VALIDATED,,DEFERRABLE=NOT DEFERRABLE; DEFERRED=IMMEDIATE
04_CONSTRAINT,JN_DEL_STAVBE,SYS_C00101429,,STEV_DST,C,C,,,ENABLED,VALIDATED,,DEFERRABLE=NOT DEFERRABLE; DEFERRED=IMMEDIATE
04_CONSTRAINT,JN_DEL_STAVBE,SYS_C00101430,,JN_REV_NUM,C,C,,,ENABLED,VALIDATED,,DEFERRABLE=NOT DEFERRABLE; DEFERRED=IMMEDIATE
05_INDEX,JN_DEL_STAVBE,JN_DEL_STAVBE_PK_JNFT_IX,1,DST_SID,DST_SID,,,,NONUNIQUE,NORMAL,ASC,STATUS=VALID; PARTITIONED=NO; COMPRESSION=DISABLED
05_INDEX,JN_DEL_STAVBE,JN_DEL_STAVBE_PK_JNFT_IX,2,JN_REV_NUM,JN_REV_NUM,,,,NONUNIQUE,NORMAL,ASC,STATUS=VALID; PARTITIONED=NO; COMPRESSION=DISABLED
05_INDEX,JN_DEL_STAVBE,JN_DEL_STAVBE_PK_JNFT_IX,3,JN_REV_NUM_TO,JN_REV_NUM_TO,,,,NONUNIQUE,NORMAL,ASC,STATUS=VALID; PARTITIONED=NO; COMPRESSION=DISABLED
05_INDEX,JN_DEL_STAVBE,JN_DEL_STAVBE_PK_JNF_IX,1,DST_SID,DST_SID,,,,UNIQUE,NORMAL,ASC,STATUS=VALID; PARTITIONED=NO; COMPRESSION=DISABLED
05_INDEX,JN_DEL_STAVBE,JN_DEL_STAVBE_PK_JNF_IX,2,JN_REV_NUM,JN_REV_NUM,,,,UNIQUE,NORMAL,ASC,STATUS=VALID; PARTITIONED=NO; COMPRESSION=DISABLED
05_INDEX,JN_DEL_STAVBE,JN_DEL_STAVBE_REV_IDX,1,JN_REV_NUM_TO,JN_REV_NUM_TO,,,,NONUNIQUE,NORMAL,ASC,STATUS=VALID; PARTITIONED=NO; COMPRESSION=DISABLED
05_INDEX,JN_DEL_STAVBE,JN_DEL_STAVBE_REV_IX,1,JN_REV_NUM,JN_REV_NUM,,,,NONUNIQUE,FUNCTION-BASED NORMAL,ASC,STATUS=VALID; PARTITIONED=NO; COMPRESSION=DISABLED
05_INDEX,JN_DEL_STAVBE,JN_DEL_STAVBE_REV_IX,2,SYS_NC00036$,SYS_NC00036$,,,,NONUNIQUE,FUNCTION-BASED NORMAL,ASC,STATUS=VALID; PARTITIONED=NO; COMPRESSION=DISABLED
05_INDEX,JN_DEL_STAVBE,JN_DEL_STAVBE_STASIDSTEVDST_IX,1,STA_SID,STA_SID,,,,NONUNIQUE,NORMAL,ASC,STATUS=VALID; PARTITIONED=NO; COMPRESSION=DISABLED
05_INDEX,JN_DEL_STAVBE,JN_DEL_STAVBE_STASIDSTEVDST_IX,2,STEV_DST,STEV_DST,,,,NONUNIQUE,NORMAL,ASC,STATUS=VALID; PARTITIONED=NO; COMPRESSION=DISABLED
05_INDEX,JN_DEL_STAVBE,JN_DEL_STAVBE_STASIDSTEVREV_IX,1,STA_SID,STA_SID,,,,NONUNIQUE,NORMAL,ASC,STATUS=VALID; PARTITIONED=NO; COMPRESSION=DISABLED
05_INDEX,JN_DEL_STAVBE,JN_DEL_STAVBE_STASIDSTEVREV_IX,2,STEV_DST,STEV_DST,,,,NONUNIQUE,NORMAL,ASC,STATUS=VALID; PARTITIONED=NO; COMPRESSION=DISABLED
05_INDEX,JN_DEL_STAVBE,JN_DEL_STAVBE_STASIDSTEVREV_IX,3,JN_REV_NUM,JN_REV_NUM,,,,NONUNIQUE,NORMAL,ASC,STATUS=VALID; PARTITIONED=NO; COMPRESSION=DISABLED
05_INDEX,JN_DEL_STAVBE,JN_DEL_STAVBE_STASIDSTEVREV_IX,4,JN_REV_NUM_TO,JN_REV_NUM_TO,,,,NONUNIQUE,NORMAL,ASC,STATUS=VALID; PARTITIONED=NO; COMPRESSION=DISABLED
06_LOB,JN_DEL_STAVBE,SYS_LOB0001053825C00034$$,,"""HS_MID_CENTROID"".""SDO_ELEM_INFO""",SYS_LOB0001053825C00034$$,,,,YES,YES,YES,TABLESPACE=EV_TS
06_LOB,JN_DEL_STAVBE,SYS_LOB0001053825C00035$$,,"""HS_MID_CENTROID"".""SDO_ORDINATES""",SYS_LOB0001053825C00035$$,,,,YES,YES,YES,TABLESPACE=EV_TS
01_OBJECT,JN_DEL_STAVBE_ENOTA,,,,,,,,OBJECT NOT FOUND,,,
01_OBJECT,JN_PARCELA,,,,,,,,TABLE,VALID,2026-07-24 09:37:30,
02_TABLE,JN_PARCELA,,,,,,,,26286228,91,2025-06-13 22:11:27,
03_COLUMN,JN_PARCELA,,1,PC_MID,"NUMBER(12,0)",,,,N,22,,Identifikator parcele
03_COLUMN,JN_PARCELA,,2,OB_MID,"NUMBER(12,0)",,,,N,22,,Identifikator zapisa obcine
03_COLUMN,JN_PARCELA,,3,KO_SIFKO,"NUMBER(4,0)",,,,N,22,,Sifra katasterske obcine
03_COLUMN,JN_PARCELA,,4,PARCELA,VARCHAR2(10 CHAR),,,,N,40,,Stevilka parcele
03_COLUMN,JN_PARCELA,,5,POVRSINA,"NUMBER(15,2)",,,,N,22,,Površina
03_COLUMN,JN_PARCELA,,6,CENX,"NUMBER(28,9)",,,,Y,22,,Centroid x
03_COLUMN,JN_PARCELA,,7,CENY,"NUMBER(28,9)",,,,Y,22,,Centroid y
03_COLUMN,JN_PARCELA,,8,CENTROID,SDO_GEOMETRY,,,,Y,1,,Centroid
03_COLUMN,JN_PARCELA,,9,BONITETA,"NUMBER(3,0)",,,,Y,22,,Boniteta
03_COLUMN,JN_PARCELA,,10,ODPRTOST,"NUMBER(8,0)",,,,Y,22,,Odprtost
03_COLUMN,JN_PARCELA,,11,RK,"NUMBER(8,0)",,,,Y,22,,Rk
03_COLUMN,JN_PARCELA,,12,JN_REV_NUM,"NUMBER(12,0)",,,,N,22,,Stevilka revizije spremembe
03_COLUMN,JN_PARCELA,,13,JN_REV_NUM_TO,"NUMBER(12,0)",,,,Y,22,,Jn rev num to
03_COLUMN,JN_PARCELA,,14,JN_REV_NUM_PREV,"NUMBER(12,0)",,,,Y,22,,Jn rev num prev
03_COLUMN,JN_PARCELA,,15,JN_STATUS,CHAR(1 BYTE),,,,Y,1,,Jn Status
03_COLUMN,JN_PARCELA,,16,EID,"NUMBER(20,0)",,,,Y,22,,Eid
04_CONSTRAINT,JN_PARCELA,JN_PARCELA_PK,1,PC_MID,P,P,,,ENABLED,VALIDATED,,DEFERRABLE=NOT DEFERRABLE; DEFERRED=IMMEDIATE
04_CONSTRAINT,JN_PARCELA,JN_PARCELA_PK,2,JN_REV_NUM,P,P,,,ENABLED,VALIDATED,,DEFERRABLE=NOT DEFERRABLE; DEFERRED=IMMEDIATE
04_CONSTRAINT,JN_PARCELA,SYS_C00101507,,PC_MID,C,C,,,ENABLED,VALIDATED,,DEFERRABLE=NOT DEFERRABLE; DEFERRED=IMMEDIATE
04_CONSTRAINT,JN_PARCELA,SYS_C00101508,,OB_MID,C,C,,,ENABLED,VALIDATED,,DEFERRABLE=NOT DEFERRABLE; DEFERRED=IMMEDIATE
04_CONSTRAINT,JN_PARCELA,SYS_C00101509,,KO_SIFKO,C,C,,,ENABLED,VALIDATED,,DEFERRABLE=NOT DEFERRABLE; DEFERRED=IMMEDIATE
04_CONSTRAINT,JN_PARCELA,SYS_C00101510,,PARCELA,C,C,,,ENABLED,VALIDATED,,DEFERRABLE=NOT DEFERRABLE; DEFERRED=IMMEDIATE
04_CONSTRAINT,JN_PARCELA,SYS_C00101511,,POVRSINA,C,C,,,ENABLED,VALIDATED,,DEFERRABLE=NOT DEFERRABLE; DEFERRED=IMMEDIATE
04_CONSTRAINT,JN_PARCELA,SYS_C00101512,,JN_REV_NUM,C,C,,,ENABLED,VALIDATED,,DEFERRABLE=NOT DEFERRABLE; DEFERRED=IMMEDIATE
05_INDEX,JN_PARCELA,JN_PARCELA_KOPARCELAREV_IX,1,KO_SIFKO,KO_SIFKO,,,,NONUNIQUE,NORMAL,ASC,STATUS=VALID; PARTITIONED=NO; COMPRESSION=DISABLED
05_INDEX,JN_PARCELA,JN_PARCELA_KOPARCELAREV_IX,2,PARCELA,PARCELA,,,,NONUNIQUE,NORMAL,ASC,STATUS=VALID; PARTITIONED=NO; COMPRESSION=DISABLED
05_INDEX,JN_PARCELA,JN_PARCELA_KOPARCELAREV_IX,3,JN_REV_NUM,JN_REV_NUM,,,,NONUNIQUE,NORMAL,ASC,STATUS=VALID; PARTITIONED=NO; COMPRESSION=DISABLED
05_INDEX,JN_PARCELA,JN_PARCELA_KOPARCELAREV_IX,4,JN_REV_NUM_TO,JN_REV_NUM_TO,,,,NONUNIQUE,NORMAL,ASC,STATUS=VALID; PARTITIONED=NO; COMPRESSION=DISABLED
05_INDEX,JN_PARCELA,JN_PARCELA_KOPARCELA_IX,1,KO_SIFKO,KO_SIFKO,,,,NONUNIQUE,NORMAL,ASC,STATUS=VALID; PARTITIONED=NO; COMPRESSION=DISABLED
05_INDEX,JN_PARCELA,JN_PARCELA_KOPARCELA_IX,2,PARCELA,PARCELA,,,,NONUNIQUE,NORMAL,ASC,STATUS=VALID; PARTITIONED=NO; COMPRESSION=DISABLED
05_INDEX,JN_PARCELA,JN_PARCELA_PK_JNFT_IX,1,PC_MID,PC_MID,,,,NONUNIQUE,NORMAL,ASC,STATUS=VALID; PARTITIONED=NO; COMPRESSION=DISABLED
05_INDEX,JN_PARCELA,JN_PARCELA_PK_JNFT_IX,2,JN_REV_NUM,JN_REV_NUM,,,,NONUNIQUE,NORMAL,ASC,STATUS=VALID; PARTITIONED=NO; COMPRESSION=DISABLED
05_INDEX,JN_PARCELA,JN_PARCELA_PK_JNFT_IX,3,JN_REV_NUM_TO,JN_REV_NUM_TO,,,,NONUNIQUE,NORMAL,ASC,STATUS=VALID; PARTITIONED=NO; COMPRESSION=DISABLED
05_INDEX,JN_PARCELA,JN_PARCELA_PK_JNF_IX,1,PC_MID,PC_MID,,,,UNIQUE,NORMAL,ASC,STATUS=VALID; PARTITIONED=NO; COMPRESSION=DISABLED
05_INDEX,JN_PARCELA,JN_PARCELA_PK_JNF_IX,2,JN_REV_NUM,JN_REV_NUM,,,,UNIQUE,NORMAL,ASC,STATUS=VALID; PARTITIONED=NO; COMPRESSION=DISABLED
05_INDEX,JN_PARCELA,JN_PARCELA_REV_IDX,1,JN_REV_NUM_TO,JN_REV_NUM_TO,,,,NONUNIQUE,NORMAL,ASC,STATUS=VALID; PARTITIONED=NO; COMPRESSION=DISABLED
05_INDEX,JN_PARCELA,JN_PARCELA_REV_IX,1,JN_REV_NUM,JN_REV_NUM,,,,NONUNIQUE,FUNCTION-BASED NORMAL,ASC,STATUS=VALID; PARTITIONED=NO; COMPRESSION=DISABLED
05_INDEX,JN_PARCELA,JN_PARCELA_REV_IX,2,SYS_NC00024$,SYS_NC00024$,,,,NONUNIQUE,FUNCTION-BASED NORMAL,ASC,STATUS=VALID; PARTITIONED=NO; COMPRESSION=DISABLED
06_LOB,JN_PARCELA,SYS_LOB0001053859C00014$$,,"""CENTROID"".""SDO_ELEM_INFO""",SYS_LOB0001053859C00014$$,,,,YES,YES,YES,TABLESPACE=EV_TS
06_LOB,JN_PARCELA,SYS_LOB0001053859C00015$$,,"""CENTROID"".""SDO_ORDINATES""",SYS_LOB0001053859C00015$$,,,,YES,YES,YES,TABLESPACE=EV_TS
01_OBJECT,JN_PARC_DEL,,,,,,,,TABLE,VALID,2026-07-24 09:37:30,
02_TABLE,JN_PARC_DEL,,,,,,,,18238911,45,2025-12-22 22:02:12,
03_COLUMN,JN_PARC_DEL,,1,ID_PARC_DEL,VARCHAR2(25 BYTE),,,,N,25,,Identifikator parc del
03_COLUMN,JN_PARC_DEL,,2,PC_MID,"NUMBER(12,0)",,,,N,22,,Identifikator parcele
03_COLUMN,JN_PARC_DEL,,3,ID_NR_PARC,"NUMBER(12,0)",,,,Y,22,,Identifikator nr parc
03_COLUMN,JN_PARC_DEL,,4,ID_DR_PARC,"NUMBER(12,0)",,,,Y,22,,Identifikator dr parc
03_COLUMN,JN_PARC_DEL,,5,DELEZ_POVRSINE,"NUMBER(8,5)",,,,N,22,,Delez povrsine
03_COLUMN,JN_PARC_DEL,,6,JN_REV_NUM,"NUMBER(12,0)",,,,N,22,,Stevilka revizije spremembe
03_COLUMN,JN_PARC_DEL,,7,JN_REV_NUM_TO,"NUMBER(12,0)",,,,Y,22,,Jn rev num to
03_COLUMN,JN_PARC_DEL,,8,JN_REV_NUM_PREV,"NUMBER(12,0)",,,,Y,22,,Jn rev num prev
03_COLUMN,JN_PARC_DEL,,9,JN_STATUS,CHAR(1 BYTE),,,,Y,1,,Jn Status
03_COLUMN,JN_PARC_DEL,,10,ID_MODEL,VARCHAR2(10 CHAR),,,,Y,40,,Identifikator model
03_COLUMN,JN_PARC_DEL,,11,MESSAGE,VARCHAR2(200 CHAR),,,,Y,800,,Message
04_CONSTRAINT,JN_PARC_DEL,JN_PARC_DEL_PK,1,ID_PARC_DEL,P,P,,,ENABLED,VALIDATED,,DEFERRABLE=NOT DEFERRABLE; DEFERRED=IMMEDIATE
04_CONSTRAINT,JN_PARC_DEL,JN_PARC_DEL_PK,2,JN_REV_NUM,P,P,,,ENABLED,VALIDATED,,DEFERRABLE=NOT DEFERRABLE; DEFERRED=IMMEDIATE
04_CONSTRAINT,JN_PARC_DEL,SYS_C00101514,,ID_PARC_DEL,C,C,,,ENABLED,VALIDATED,,DEFERRABLE=NOT DEFERRABLE; DEFERRED=IMMEDIATE
04_CONSTRAINT,JN_PARC_DEL,SYS_C00101515,,PC_MID,C,C,,,ENABLED,VALIDATED,,DEFERRABLE=NOT DEFERRABLE; DEFERRED=IMMEDIATE
04_CONSTRAINT,JN_PARC_DEL,SYS_C00101516,,DELEZ_POVRSINE,C,C,,,ENABLED,VALIDATED,,DEFERRABLE=NOT DEFERRABLE; DEFERRED=IMMEDIATE
04_CONSTRAINT,JN_PARC_DEL,SYS_C00101517,,JN_REV_NUM,C,C,,,ENABLED,VALIDATED,,DEFERRABLE=NOT DEFERRABLE; DEFERRED=IMMEDIATE
05_INDEX,JN_PARC_DEL,JN_PARC_DEL_PCMIF_JNFT_IX,1,PC_MID,PC_MID,,,,NONUNIQUE,NORMAL,ASC,STATUS=VALID; PARTITIONED=NO; COMPRESSION=DISABLED
05_INDEX,JN_PARC_DEL,JN_PARC_DEL_PCMIF_JNFT_IX,2,JN_REV_NUM,JN_REV_NUM,,,,NONUNIQUE,NORMAL,ASC,STATUS=VALID; PARTITIONED=NO; COMPRESSION=DISABLED
05_INDEX,JN_PARC_DEL,JN_PARC_DEL_PCMIF_JNFT_IX,3,JN_REV_NUM_TO,JN_REV_NUM_TO,,,,NONUNIQUE,NORMAL,ASC,STATUS=VALID; PARTITIONED=NO; COMPRESSION=DISABLED
05_INDEX,JN_PARC_DEL,JN_PARC_DEL_PK_JNFT_IX,1,ID_PARC_DEL,ID_PARC_DEL,,,,NONUNIQUE,NORMAL,ASC,STATUS=VALID; PARTITIONED=NO; COMPRESSION=DISABLED
05_INDEX,JN_PARC_DEL,JN_PARC_DEL_PK_JNFT_IX,2,JN_REV_NUM,JN_REV_NUM,,,,NONUNIQUE,NORMAL,ASC,STATUS=VALID; PARTITIONED=NO; COMPRESSION=DISABLED
05_INDEX,JN_PARC_DEL,JN_PARC_DEL_PK_JNFT_IX,3,JN_REV_NUM_TO,JN_REV_NUM_TO,,,,NONUNIQUE,NORMAL,ASC,STATUS=VALID; PARTITIONED=NO; COMPRESSION=DISABLED
05_INDEX,JN_PARC_DEL,JN_PARC_DEL_PK_JNF_IX,1,ID_PARC_DEL,ID_PARC_DEL,,,,UNIQUE,NORMAL,ASC,STATUS=VALID; PARTITIONED=NO; COMPRESSION=DISABLED
05_INDEX,JN_PARC_DEL,JN_PARC_DEL_PK_JNF_IX,2,JN_REV_NUM,JN_REV_NUM,,,,UNIQUE,NORMAL,ASC,STATUS=VALID; PARTITIONED=NO; COMPRESSION=DISABLED
05_INDEX,JN_PARC_DEL,JN_PARC_DEL_REV_IDX,1,JN_REV_NUM_TO,JN_REV_NUM_TO,,,,NONUNIQUE,NORMAL,ASC,STATUS=VALID; PARTITIONED=NO; COMPRESSION=DISABLED
01_OBJECT,JN_PARC_ENOTA,,,,,,,,TABLE,VALID,2026-07-24 09:37:30,
02_TABLE,JN_PARC_ENOTA,,,,,,,,90939157,489,2026-03-23 21:03:22,
03_COLUMN,JN_PARC_ENOTA,,1,ID_PARC_ENOTA,VARCHAR2(25 BYTE),,,,N,25,,Identifikator parc enota
03_COLUMN,JN_PARC_ENOTA,,2,PC_MID,"NUMBER(12,0)",,,,N,22,,Identifikator parcele
03_COLUMN,JN_PARC_ENOTA,,3,ID_MODEL,VARCHAR2(10 CHAR),,,,N,40,,Identifikator model
03_COLUMN,JN_PARC_ENOTA,,4,DELEZ_POVRSINE,"NUMBER(8,4)",,,,N,22,,Delez povrsine
03_COLUMN,JN_PARC_ENOTA,,5,VREDNOST,"NUMBER(12,2)",,,,Y,22,,Vrednost
03_COLUMN,JN_PARC_ENOTA,,6,RAVEN,VARCHAR2(10 CHAR),,,,Y,40,,Raven
03_COLUMN,JN_PARC_ENOTA,,7,VPLIV,VARCHAR2(50 CHAR),,,,Y,200,,Vpliv
03_COLUMN,JN_PARC_ENOTA,,8,CONA_IME,VARCHAR2(250 CHAR),,,,Y,1000,,Cona Ime
03_COLUMN,JN_PARC_ENOTA,,9,JN_REV_NUM,"NUMBER(12,0)",,,,N,22,,Stevilka revizije spremembe
03_COLUMN,JN_PARC_ENOTA,,10,JN_REV_NUM_TO,"NUMBER(12,0)",,,,Y,22,,Jn rev num to
03_COLUMN,JN_PARC_ENOTA,,11,JN_REV_NUM_PREV,"NUMBER(12,0)",,,,Y,22,,Jn rev num prev
03_COLUMN,JN_PARC_ENOTA,,12,JN_STATUS,CHAR(1 BYTE),,,,Y,1,,Jn Status
03_COLUMN,JN_PARC_ENOTA,,13,FAKTOR_PO,"NUMBER(3,2)",,,,Y,22,,Faktor po
03_COLUMN,JN_PARC_ENOTA,,14,POSPLOSENA_VREDNOST,"NUMBER(12,0)",,,,Y,22,,Posplosena vrednost
03_COLUMN,JN_PARC_ENOTA,,15,PODATKI,VARCHAR2(4000 CHAR),,,,Y,4000,,Podatki
03_COLUMN,JN_PARC_ENOTA,,16,ERR_MSG,VARCHAR2(250 CHAR),,,,Y,1000,,Err msg
03_COLUMN,JN_PARC_ENOTA,,17,ID_MODEL_VER,"NUMBER(12,0)",,,,Y,22,,Identifikator model ver
04_CONSTRAINT,JN_PARC_ENOTA,JN_PARC_ENOTA_PK,1,ID_PARC_ENOTA,P,P,,,ENABLED,VALIDATED,,DEFERRABLE=NOT DEFERRABLE; DEFERRED=IMMEDIATE
04_CONSTRAINT,JN_PARC_ENOTA,JN_PARC_ENOTA_PK,2,JN_REV_NUM,P,P,,,ENABLED,VALIDATED,,DEFERRABLE=NOT DEFERRABLE; DEFERRED=IMMEDIATE
04_CONSTRAINT,JN_PARC_ENOTA,SYS_C00101528,,ID_PARC_ENOTA,C,C,,,ENABLED,VALIDATED,,DEFERRABLE=NOT DEFERRABLE; DEFERRED=IMMEDIATE
04_CONSTRAINT,JN_PARC_ENOTA,SYS_C00101529,,PC_MID,C,C,,,ENABLED,VALIDATED,,DEFERRABLE=NOT DEFERRABLE; DEFERRED=IMMEDIATE
04_CONSTRAINT,JN_PARC_ENOTA,SYS_C00101530,,ID_MODEL,C,C,,,ENABLED,VALIDATED,,DEFERRABLE=NOT DEFERRABLE; DEFERRED=IMMEDIATE
04_CONSTRAINT,JN_PARC_ENOTA,SYS_C00101531,,DELEZ_POVRSINE,C,C,,,ENABLED,VALIDATED,,DEFERRABLE=NOT DEFERRABLE; DEFERRED=IMMEDIATE
04_CONSTRAINT,JN_PARC_ENOTA,SYS_C00101532,,JN_REV_NUM,C,C,,,ENABLED,VALIDATED,,DEFERRABLE=NOT DEFERRABLE; DEFERRED=IMMEDIATE
05_INDEX,JN_PARC_ENOTA,IDX_JN_PARC_ENOTA_LOOKUP,1,JN_REV_NUM_TO,JN_REV_NUM_TO,,,,NONUNIQUE,NORMAL,ASC,STATUS=VALID; PARTITIONED=NO; COMPRESSION=DISABLED
05_INDEX,JN_PARC_ENOTA,IDX_JN_PARC_ENOTA_LOOKUP,2,PC_MID,PC_MID,,,,NONUNIQUE,NORMAL,ASC,STATUS=VALID; PARTITIONED=NO; COMPRESSION=DISABLED
05_INDEX,JN_PARC_ENOTA,IDX_JN_PARC_ENOTA_LOOKUP,3,ID_MODEL,ID_MODEL,,,,NONUNIQUE,NORMAL,ASC,STATUS=VALID; PARTITIONED=NO; COMPRESSION=DISABLED
05_INDEX,JN_PARC_ENOTA,IDX_JN_PARC_ENOTA_LOOKUP,4,POSPLOSENA_VREDNOST,POSPLOSENA_VREDNOST,,,,NONUNIQUE,NORMAL,ASC,STATUS=VALID; PARTITIONED=NO; COMPRESSION=DISABLED
05_INDEX,JN_PARC_ENOTA,JN_PARC_ENOTA_PCMIDMODELREV_IX,1,PC_MID,PC_MID,,,,NONUNIQUE,NORMAL,ASC,STATUS=VALID; PARTITIONED=NO; COMPRESSION=DISABLED
05_INDEX,JN_PARC_ENOTA,JN_PARC_ENOTA_PCMIDMODELREV_IX,2,ID_MODEL,ID_MODEL,,,,NONUNIQUE,NORMAL,ASC,STATUS=VALID; PARTITIONED=NO; COMPRESSION=DISABLED
05_INDEX,JN_PARC_ENOTA,JN_PARC_ENOTA_PCMIDMODELREV_IX,3,JN_REV_NUM,JN_REV_NUM,,,,NONUNIQUE,NORMAL,ASC,STATUS=VALID; PARTITIONED=NO; COMPRESSION=DISABLED
05_INDEX,JN_PARC_ENOTA,JN_PARC_ENOTA_PCMIDMODELREV_IX,4,JN_REV_NUM_TO,JN_REV_NUM_TO,,,,NONUNIQUE,NORMAL,ASC,STATUS=VALID; PARTITIONED=NO; COMPRESSION=DISABLED
05_INDEX,JN_PARC_ENOTA,JN_PARC_ENOTA_PCMIDMODEL_IX,1,PC_MID,PC_MID,,,,NONUNIQUE,NORMAL,ASC,STATUS=VALID; PARTITIONED=NO; COMPRESSION=DISABLED
05_INDEX,JN_PARC_ENOTA,JN_PARC_ENOTA_PCMIDMODEL_IX,2,ID_MODEL,ID_MODEL,,,,NONUNIQUE,NORMAL,ASC,STATUS=VALID; PARTITIONED=NO; COMPRESSION=DISABLED
05_INDEX,JN_PARC_ENOTA,JN_PARC_ENOTA_PK_JNFT_IX,1,ID_PARC_ENOTA,ID_PARC_ENOTA,,,,NONUNIQUE,NORMAL,ASC,STATUS=VALID; PARTITIONED=NO; COMPRESSION=DISABLED
05_INDEX,JN_PARC_ENOTA,JN_PARC_ENOTA_PK_JNFT_IX,2,JN_REV_NUM,JN_REV_NUM,,,,NONUNIQUE,NORMAL,ASC,STATUS=VALID; PARTITIONED=NO; COMPRESSION=DISABLED
05_INDEX,JN_PARC_ENOTA,JN_PARC_ENOTA_PK_JNFT_IX,3,JN_REV_NUM_TO,JN_REV_NUM_TO,,,,NONUNIQUE,NORMAL,ASC,STATUS=VALID; PARTITIONED=NO; COMPRESSION=DISABLED
05_INDEX,JN_PARC_ENOTA,JN_PARC_ENOTA_PK_JNF_IX,1,ID_PARC_ENOTA,ID_PARC_ENOTA,,,,UNIQUE,NORMAL,ASC,STATUS=VALID; PARTITIONED=NO; COMPRESSION=DISABLED
05_INDEX,JN_PARC_ENOTA,JN_PARC_ENOTA_PK_JNF_IX,2,JN_REV_NUM,JN_REV_NUM,,,,UNIQUE,NORMAL,ASC,STATUS=VALID; PARTITIONED=NO; COMPRESSION=DISABLED
05_INDEX,JN_PARC_ENOTA,JN_PARC_ENOTA_REV_IDX,1,JN_REV_NUM_TO,JN_REV_NUM_TO,,,,NONUNIQUE,NORMAL,ASC,STATUS=VALID; PARTITIONED=NO; COMPRESSION=DISABLED
05_INDEX,JN_PARC_ENOTA,JN_PARC_ENOTA_REV_IX,1,JN_REV_NUM,JN_REV_NUM,,,,NONUNIQUE,FUNCTION-BASED NORMAL,ASC,STATUS=VALID; PARTITIONED=NO; COMPRESSION=DISABLED
05_INDEX,JN_PARC_ENOTA,JN_PARC_ENOTA_REV_IX,2,SYS_NC00018$,SYS_NC00018$,,,,NONUNIQUE,FUNCTION-BASED NORMAL,ASC,STATUS=VALID; PARTITIONED=NO; COMPRESSION=DISABLED
01_OBJECT,JN_PE_DST,,,,,,,,TABLE,VALID,2026-07-24 09:37:30,
02_TABLE,JN_PE_DST,,,,,,,,213204,74,2026-05-22 21:03:48,
03_COLUMN,JN_PE_DST,,1,ID_PE_DST,VARCHAR2(50 BYTE),,,,N,50,,Identifikator pe dst
03_COLUMN,JN_PE_DST,,2,ID_PE,VARCHAR2(25 BYTE),,,,N,25,,Id posebne enote
03_COLUMN,JN_PE_DST,,3,DST_SID,"NUMBER(12,0)",,,,N,22,,Identifikator dela stavbe
03_COLUMN,JN_PE_DST,,4,JN_REV_NUM,"NUMBER(12,0)",,,,N,22,,Stevilka revizije spremembe
03_COLUMN,JN_PE_DST,,5,JN_REV_NUM_TO,"NUMBER(12,0)",,,,Y,22,,Jn rev num to
03_COLUMN,JN_PE_DST,,6,JN_REV_NUM_PREV,"NUMBER(12,0)",,,,Y,22,,Jn rev num prev
03_COLUMN,JN_PE_DST,,7,JN_STATUS,CHAR(1 BYTE),,,,Y,1,,Jn Status
03_COLUMN,JN_PE_DST,,8,VREDNOST_DODATEK,"NUMBER(12,0)",,,,Y,22,,Vrednost dodatek
03_COLUMN,JN_PE_DST,,9,PODATKI,VARCHAR2(2000 BYTE),,,,Y,2000,,Podatki
03_COLUMN,JN_PE_DST,,10,DELITEV_MSG,VARCHAR2(2000 BYTE),,,,Y,2000,,Delitev msg
04_CONSTRAINT,JN_PE_DST,JN_PE_DST_PK,1,ID_PE_DST,P,P,,,ENABLED,VALIDATED,,DEFERRABLE=NOT DEFERRABLE; DEFERRED=IMMEDIATE
04_CONSTRAINT,JN_PE_DST,JN_PE_DST_PK,2,JN_REV_NUM,P,P,,,ENABLED,VALIDATED,,DEFERRABLE=NOT DEFERRABLE; DEFERRED=IMMEDIATE
04_CONSTRAINT,JN_PE_DST,SYS_C00101538,,ID_PE_DST,C,C,,,ENABLED,VALIDATED,,DEFERRABLE=NOT DEFERRABLE; DEFERRED=IMMEDIATE
04_CONSTRAINT,JN_PE_DST,SYS_C00101539,,ID_PE,C,C,,,ENABLED,VALIDATED,,DEFERRABLE=NOT DEFERRABLE; DEFERRED=IMMEDIATE
04_CONSTRAINT,JN_PE_DST,SYS_C00101540,,DST_SID,C,C,,,ENABLED,VALIDATED,,DEFERRABLE=NOT DEFERRABLE; DEFERRED=IMMEDIATE
04_CONSTRAINT,JN_PE_DST,SYS_C00101541,,JN_REV_NUM,C,C,,,ENABLED,VALIDATED,,DEFERRABLE=NOT DEFERRABLE; DEFERRED=IMMEDIATE
05_INDEX,JN_PE_DST,JN_PE_DST_DSTSIDREV_IX,1,DST_SID,DST_SID,,,,NONUNIQUE,NORMAL,ASC,STATUS=VALID; PARTITIONED=NO; COMPRESSION=DISABLED
05_INDEX,JN_PE_DST,JN_PE_DST_DSTSIDREV_IX,2,JN_REV_NUM,JN_REV_NUM,,,,NONUNIQUE,NORMAL,ASC,STATUS=VALID; PARTITIONED=NO; COMPRESSION=DISABLED
05_INDEX,JN_PE_DST,JN_PE_DST_DSTSIDREV_IX,3,JN_REV_NUM_TO,JN_REV_NUM_TO,,,,NONUNIQUE,NORMAL,ASC,STATUS=VALID; PARTITIONED=NO; COMPRESSION=DISABLED
05_INDEX,JN_PE_DST,JN_PE_DST_IDPEREV_IX,1,ID_PE,ID_PE,,,,NONUNIQUE,NORMAL,ASC,STATUS=VALID; PARTITIONED=NO; COMPRESSION=DISABLED
05_INDEX,JN_PE_DST,JN_PE_DST_IDPEREV_IX,2,JN_REV_NUM,JN_REV_NUM,,,,NONUNIQUE,NORMAL,ASC,STATUS=VALID; PARTITIONED=NO; COMPRESSION=DISABLED
05_INDEX,JN_PE_DST,JN_PE_DST_IDPEREV_IX,3,JN_REV_NUM_TO,JN_REV_NUM_TO,,,,NONUNIQUE,NORMAL,ASC,STATUS=VALID; PARTITIONED=NO; COMPRESSION=DISABLED
05_INDEX,JN_PE_DST,JN_PE_DST_PK_JNFT_IX,1,ID_PE_DST,ID_PE_DST,,,,NONUNIQUE,NORMAL,ASC,STATUS=VALID; PARTITIONED=NO; COMPRESSION=DISABLED
05_INDEX,JN_PE_DST,JN_PE_DST_PK_JNFT_IX,2,JN_REV_NUM,JN_REV_NUM,,,,NONUNIQUE,NORMAL,ASC,STATUS=VALID; PARTITIONED=NO; COMPRESSION=DISABLED
05_INDEX,JN_PE_DST,JN_PE_DST_PK_JNFT_IX,3,JN_REV_NUM_TO,JN_REV_NUM_TO,,,,NONUNIQUE,NORMAL,ASC,STATUS=VALID; PARTITIONED=NO; COMPRESSION=DISABLED
05_INDEX,JN_PE_DST,JN_PE_DST_PK_JNF_IX,1,ID_PE_DST,ID_PE_DST,,,,UNIQUE,NORMAL,ASC,STATUS=VALID; PARTITIONED=NO; COMPRESSION=DISABLED
05_INDEX,JN_PE_DST,JN_PE_DST_PK_JNF_IX,2,JN_REV_NUM,JN_REV_NUM,,,,UNIQUE,NORMAL,ASC,STATUS=VALID; PARTITIONED=NO; COMPRESSION=DISABLED
05_INDEX,JN_PE_DST,JN_PE_DST_REV_IDX,1,JN_REV_NUM_TO,JN_REV_NUM_TO,,,,NONUNIQUE,NORMAL,ASC,STATUS=VALID; PARTITIONED=NO; COMPRESSION=DISABLED
05_INDEX,JN_PE_DST,JN_PE_DST_REV_IX,1,JN_REV_NUM,JN_REV_NUM,,,,NONUNIQUE,FUNCTION-BASED NORMAL,ASC,STATUS=VALID; PARTITIONED=NO; COMPRESSION=DISABLED
05_INDEX,JN_PE_DST,JN_PE_DST_REV_IX,2,SYS_NC00011$,SYS_NC00011$,,,,NONUNIQUE,FUNCTION-BASED NORMAL,ASC,STATUS=VALID; PARTITIONED=NO; COMPRESSION=DISABLED
01_OBJECT,JN_PE_PARC,,,,,,,,TABLE,VALID,2026-07-24 09:37:30,
02_TABLE,JN_PE_PARC,,,,,,,,193584,73,2026-08-03 21:04:14,
03_COLUMN,JN_PE_PARC,,1,ID_PE_PARC,VARCHAR2(50 BYTE),,,,N,50,,Identifikator pe parc
03_COLUMN,JN_PE_PARC,,2,ID_PE,VARCHAR2(25 BYTE),,,,N,25,,Id posebne enote
03_COLUMN,JN_PE_PARC,,3,PC_MID,"NUMBER(12,0)",,,,N,22,,Identifikator parcele
03_COLUMN,JN_PE_PARC,,4,JN_REV_NUM,"NUMBER(12,0)",,,,N,22,,Stevilka revizije spremembe
03_COLUMN,JN_PE_PARC,,5,JN_REV_NUM_TO,"NUMBER(12,0)",,,,Y,22,,Jn rev num to
03_COLUMN,JN_PE_PARC,,6,JN_REV_NUM_PREV,"NUMBER(12,0)",,,,Y,22,,Jn rev num prev
03_COLUMN,JN_PE_PARC,,7,JN_STATUS,CHAR(1 BYTE),,,,Y,1,,Jn Status
03_COLUMN,JN_PE_PARC,,8,POVRSINA_PE,"NUMBER(10,2)",,,,Y,22,,Površina pe
03_COLUMN,JN_PE_PARC,,9,VIR_POVRSINA_PE,VARCHAR2(200 CHAR),,,,Y,800,,Vir Površina pe
03_COLUMN,JN_PE_PARC,,10,VREDNOST_DODATEK,"NUMBER(12,0)",,,,Y,22,,Vrednost dodatek
03_COLUMN,JN_PE_PARC,,11,POV_PARC_BREZ_ZPS,"NUMBER(15,2)",,,,Y,22,,Pov parc brez zps
03_COLUMN,JN_PE_PARC,,12,POV_PE_BREZ_ZPS,"NUMBER(10,2)",,,,Y,22,,Pov pe brez zps
03_COLUMN,JN_PE_PARC,,13,DELITEV_MSG,VARCHAR2(2000 BYTE),,,,Y,2000,,Delitev msg
03_COLUMN,JN_PE_PARC,,14,POVR_PARC_IZR,"NUMBER(15,2)",,,,Y,22,,Povr parc izr
04_CONSTRAINT,JN_PE_PARC,JN_PE_PARC_PK,1,ID_PE_PARC,P,P,,,ENABLED,VALIDATED,,DEFERRABLE=NOT DEFERRABLE; DEFERRED=IMMEDIATE
04_CONSTRAINT,JN_PE_PARC,JN_PE_PARC_PK,2,JN_REV_NUM,P,P,,,ENABLED,VALIDATED,,DEFERRABLE=NOT DEFERRABLE; DEFERRED=IMMEDIATE
04_CONSTRAINT,JN_PE_PARC,SYS_C00101543,,ID_PE_PARC,C,C,,,ENABLED,VALIDATED,,DEFERRABLE=NOT DEFERRABLE; DEFERRED=IMMEDIATE
04_CONSTRAINT,JN_PE_PARC,SYS_C00101544,,ID_PE,C,C,,,ENABLED,VALIDATED,,DEFERRABLE=NOT DEFERRABLE; DEFERRED=IMMEDIATE
04_CONSTRAINT,JN_PE_PARC,SYS_C00101545,,PC_MID,C,C,,,ENABLED,VALIDATED,,DEFERRABLE=NOT DEFERRABLE; DEFERRED=IMMEDIATE
04_CONSTRAINT,JN_PE_PARC,SYS_C00101546,,JN_REV_NUM,C,C,,,ENABLED,VALIDATED,,DEFERRABLE=NOT DEFERRABLE; DEFERRED=IMMEDIATE
05_INDEX,JN_PE_PARC,JN_PE_PARC_IDPEREV_IX,1,ID_PE,ID_PE,,,,NONUNIQUE,NORMAL,ASC,STATUS=VALID; PARTITIONED=NO; COMPRESSION=DISABLED
05_INDEX,JN_PE_PARC,JN_PE_PARC_IDPEREV_IX,2,JN_REV_NUM,JN_REV_NUM,,,,NONUNIQUE,NORMAL,ASC,STATUS=VALID; PARTITIONED=NO; COMPRESSION=DISABLED
05_INDEX,JN_PE_PARC,JN_PE_PARC_IDPEREV_IX,3,JN_REV_NUM_TO,JN_REV_NUM_TO,,,,NONUNIQUE,NORMAL,ASC,STATUS=VALID; PARTITIONED=NO; COMPRESSION=DISABLED
05_INDEX,JN_PE_PARC,JN_PE_PARC_PCMID_JNFT_IX,1,PC_MID,PC_MID,,,,NONUNIQUE,NORMAL,ASC,STATUS=VALID; PARTITIONED=NO; COMPRESSION=DISABLED
05_INDEX,JN_PE_PARC,JN_PE_PARC_PCMID_JNFT_IX,2,JN_REV_NUM,JN_REV_NUM,,,,NONUNIQUE,NORMAL,ASC,STATUS=VALID; PARTITIONED=NO; COMPRESSION=DISABLED
05_INDEX,JN_PE_PARC,JN_PE_PARC_PCMID_JNFT_IX,3,JN_REV_NUM_TO,JN_REV_NUM_TO,,,,NONUNIQUE,NORMAL,ASC,STATUS=VALID; PARTITIONED=NO; COMPRESSION=DISABLED
05_INDEX,JN_PE_PARC,JN_PE_PARC_PK_JNFT_IX,1,ID_PE_PARC,ID_PE_PARC,,,,NONUNIQUE,NORMAL,ASC,STATUS=VALID; PARTITIONED=NO; COMPRESSION=DISABLED
05_INDEX,JN_PE_PARC,JN_PE_PARC_PK_JNFT_IX,2,JN_REV_NUM,JN_REV_NUM,,,,NONUNIQUE,NORMAL,ASC,STATUS=VALID; PARTITIONED=NO; COMPRESSION=DISABLED
05_INDEX,JN_PE_PARC,JN_PE_PARC_PK_JNFT_IX,3,JN_REV_NUM_TO,JN_REV_NUM_TO,,,,NONUNIQUE,NORMAL,ASC,STATUS=VALID; PARTITIONED=NO; COMPRESSION=DISABLED
05_INDEX,JN_PE_PARC,JN_PE_PARC_PK_JNF_IX,1,ID_PE_PARC,ID_PE_PARC,,,,UNIQUE,NORMAL,ASC,STATUS=VALID; PARTITIONED=NO; COMPRESSION=DISABLED
05_INDEX,JN_PE_PARC,JN_PE_PARC_PK_JNF_IX,2,JN_REV_NUM,JN_REV_NUM,,,,UNIQUE,NORMAL,ASC,STATUS=VALID; PARTITIONED=NO; COMPRESSION=DISABLED
05_INDEX,JN_PE_PARC,JN_PE_PARC_REV_IDX,1,JN_REV_NUM_TO,JN_REV_NUM_TO,,,,NONUNIQUE,NORMAL,ASC,STATUS=VALID; PARTITIONED=NO; COMPRESSION=DISABLED
05_INDEX,JN_PE_PARC,JN_PE_PARC_REV_IX,1,JN_REV_NUM,JN_REV_NUM,,,,NONUNIQUE,FUNCTION-BASED NORMAL,ASC,STATUS=VALID; PARTITIONED=NO; COMPRESSION=DISABLED
05_INDEX,JN_PE_PARC,JN_PE_PARC_REV_IX,2,SYS_NC00015$,SYS_NC00015$,,,,NONUNIQUE,FUNCTION-BASED NORMAL,ASC,STATUS=VALID; PARTITIONED=NO; COMPRESSION=DISABLED
01_OBJECT,JN_POSEBNA_ENOTA,,,,,,,,TABLE,VALID,2026-07-24 09:37:21,
02_TABLE,JN_POSEBNA_ENOTA,,,,,,,,45445,877,2025-12-16 22:01:32,
03_COLUMN,JN_POSEBNA_ENOTA,,1,ID_PE,VARCHAR2(25 BYTE),,,,N,25,,Id posebne enote
03_COLUMN,JN_POSEBNA_ENOTA,,2,ID_PN,"NUMBER(8,0)",,,,N,22,,Identifikator pn
03_COLUMN,JN_POSEBNA_ENOTA,,3,NAZIV,VARCHAR2(250 CHAR),,,,Y,1000,,Naziv
03_COLUMN,JN_POSEBNA_ENOTA,,4,ID_MODEL,VARCHAR2(10 CHAR),,,,N,40,,Identifikator model
03_COLUMN,JN_POSEBNA_ENOTA,,5,VREDNOST,"NUMBER(12,2)",,,,N,22,,Vrednost
03_COLUMN,JN_POSEBNA_ENOTA,,6,JN_REV_NUM,"NUMBER(12,0)",,,,N,22,,Stevilka revizije spremembe
03_COLUMN,JN_POSEBNA_ENOTA,,7,JN_REV_NUM_TO,"NUMBER(12,0)",,,,Y,22,,Jn rev num to
03_COLUMN,JN_POSEBNA_ENOTA,,8,JN_REV_NUM_PREV,"NUMBER(12,0)",,,,Y,22,,Jn rev num prev
03_COLUMN,JN_POSEBNA_ENOTA,,9,JN_STATUS,CHAR(1 BYTE),,,,Y,1,,Jn Status
03_COLUMN,JN_POSEBNA_ENOTA,,10,RAVEN,VARCHAR2(10 CHAR),,,,Y,40,,Raven
03_COLUMN,JN_POSEBNA_ENOTA,,11,CENX,"NUMBER(28,9)",,,,Y,22,,Centroid x
03_COLUMN,JN_POSEBNA_ENOTA,,12,CENY,"NUMBER(28,9)",,,,Y,22,,Centroid y
03_COLUMN,JN_POSEBNA_ENOTA,,13,NASLOV,VARCHAR2(500 CHAR),,,,Y,2000,,Naslov
03_COLUMN,JN_POSEBNA_ENOTA,,14,POSPLOSENA_VREDNOST,"NUMBER(12,2)",,,,Y,22,,Posplosena vrednost
03_COLUMN,JN_POSEBNA_ENOTA,,15,PODATKI,VARCHAR2(4000 CHAR),,,,Y,4000,,Podatki
03_COLUMN,JN_POSEBNA_ENOTA,,16,OB_MID,"NUMBER(8,0)",,,,Y,22,,Identifikator zapisa obcine
03_COLUMN,JN_POSEBNA_ENOTA,,17,NASLOV_VROCANJA,VARCHAR2(500 CHAR),,,,Y,2000,,Naslov vrocanja
03_COLUMN,JN_POSEBNA_ENOTA,,18,TIP,VARCHAR2(10 CHAR),,,,Y,40,,Tip
03_COLUMN,JN_POSEBNA_ENOTA,,19,FAKTOR_PO,"NUMBER(10,6)",,,,Y,22,,Faktor po
03_COLUMN,JN_POSEBNA_ENOTA,,20,ID_DOKUMENT,"NUMBER(12,0)",,,,Y,22,,Identifikator dokument
03_COLUMN,JN_POSEBNA_ENOTA,,21,DELITEV_STATUS,VARCHAR2(10 BYTE),,,,Y,10,,Delitev Status
03_COLUMN,JN_POSEBNA_ENOTA,,22,DELITEV_MSG,VARCHAR2(2000 BYTE),,,,Y,2000,,Delitev msg
03_COLUMN,JN_POSEBNA_ENOTA,,23,DAT_PLOMBA,DATE,,,,Y,7,,Dat plomba
03_COLUMN,JN_POSEBNA_ENOTA,,24,PLOMBA_RAZLOG,VARCHAR2(500 CHAR),,,,Y,2000,,Plomba razlog
03_COLUMN,JN_POSEBNA_ENOTA,,25,ID_MODEL_VER,"NUMBER(12,0)",,,,Y,22,,Identifikator model ver
04_CONSTRAINT,JN_POSEBNA_ENOTA,JN_POSEBNA_ENOTA_PK,1,ID_PE,P,P,,,ENABLED,VALIDATED,,DEFERRABLE=NOT DEFERRABLE; DEFERRED=IMMEDIATE
04_CONSTRAINT,JN_POSEBNA_ENOTA,JN_POSEBNA_ENOTA_PK,2,JN_REV_NUM,P,P,,,ENABLED,VALIDATED,,DEFERRABLE=NOT DEFERRABLE; DEFERRED=IMMEDIATE
04_CONSTRAINT,JN_POSEBNA_ENOTA,SYS_C00101548,,ID_PE,C,C,,,ENABLED,VALIDATED,,DEFERRABLE=NOT DEFERRABLE; DEFERRED=IMMEDIATE
04_CONSTRAINT,JN_POSEBNA_ENOTA,SYS_C00101549,,ID_PN,C,C,,,ENABLED,VALIDATED,,DEFERRABLE=NOT DEFERRABLE; DEFERRED=IMMEDIATE
04_CONSTRAINT,JN_POSEBNA_ENOTA,SYS_C00101550,,ID_MODEL,C,C,,,ENABLED,VALIDATED,,DEFERRABLE=NOT DEFERRABLE; DEFERRED=IMMEDIATE
04_CONSTRAINT,JN_POSEBNA_ENOTA,SYS_C00101551,,VREDNOST,C,C,,,ENABLED,VALIDATED,,DEFERRABLE=NOT DEFERRABLE; DEFERRED=IMMEDIATE
04_CONSTRAINT,JN_POSEBNA_ENOTA,SYS_C00101552,,JN_REV_NUM,C,C,,,ENABLED,VALIDATED,,DEFERRABLE=NOT DEFERRABLE; DEFERRED=IMMEDIATE
05_INDEX,JN_POSEBNA_ENOTA,JN_POSEBNA_ENOTA_IDMODEL_IX,1,ID_PN,ID_PN,,,,NONUNIQUE,NORMAL,ASC,STATUS=VALID; PARTITIONED=NO; COMPRESSION=DISABLED
05_INDEX,JN_POSEBNA_ENOTA,JN_POSEBNA_ENOTA_IDMODEL_IX,2,ID_MODEL,ID_MODEL,,,,NONUNIQUE,NORMAL,ASC,STATUS=VALID; PARTITIONED=NO; COMPRESSION=DISABLED
05_INDEX,JN_POSEBNA_ENOTA,JN_POSEBNA_ENOTA_PK_JNFT_IX,1,ID_PE,ID_PE,,,,NONUNIQUE,NORMAL,ASC,STATUS=VALID; PARTITIONED=NO; COMPRESSION=DISABLED
05_INDEX,JN_POSEBNA_ENOTA,JN_POSEBNA_ENOTA_PK_JNFT_IX,2,JN_REV_NUM,JN_REV_NUM,,,,NONUNIQUE,NORMAL,ASC,STATUS=VALID; PARTITIONED=NO; COMPRESSION=DISABLED
05_INDEX,JN_POSEBNA_ENOTA,JN_POSEBNA_ENOTA_PK_JNFT_IX,3,JN_REV_NUM_TO,JN_REV_NUM_TO,,,,NONUNIQUE,NORMAL,ASC,STATUS=VALID; PARTITIONED=NO; COMPRESSION=DISABLED
05_INDEX,JN_POSEBNA_ENOTA,JN_POSEBNA_ENOTA_PK_JNF_IX,1,ID_PE,ID_PE,,,,UNIQUE,NORMAL,ASC,STATUS=VALID; PARTITIONED=NO; COMPRESSION=DISABLED
05_INDEX,JN_POSEBNA_ENOTA,JN_POSEBNA_ENOTA_PK_JNF_IX,2,JN_REV_NUM,JN_REV_NUM,,,,UNIQUE,NORMAL,ASC,STATUS=VALID; PARTITIONED=NO; COMPRESSION=DISABLED
01_OBJECT,JN_PROSTOR,,,,,,,,TABLE,VALID,2026-07-24 09:37:31,
02_TABLE,JN_PROSTOR,,,,,,,,4739443,27,2025-05-15 23:21:35,
03_COLUMN,JN_PROSTOR,,1,PRO_ID,"NUMBER(12,0)",,,,N,22,,Pro Identifikator
03_COLUMN,JN_PROSTOR,,2,DST_SID,"NUMBER(12,0)",,,,N,22,,Identifikator dela stavbe
03_COLUMN,JN_PROSTOR,,3,ID_DR_PROS,"NUMBER(12,0)",,,,Y,22,,Identifikator dr pros
03_COLUMN,JN_PROSTOR,,4,POVRSINA,"NUMBER(9,2)",,,,Y,22,,Površina
03_COLUMN,JN_PROSTOR,,5,JN_REV_NUM,"NUMBER(12,0)",,,,N,22,,Stevilka revizije spremembe
03_COLUMN,JN_PROSTOR,,6,JN_REV_NUM_TO,"NUMBER(12,0)",,,,Y,22,,Jn rev num to
03_COLUMN,JN_PROSTOR,,7,JN_REV_NUM_PREV,"NUMBER(12,0)",,,,Y,22,,Jn rev num prev
03_COLUMN,JN_PROSTOR,,8,JN_STATUS,CHAR(1 BYTE),,,,Y,1,,Jn Status
03_COLUMN,JN_PROSTOR,,9,EID,"NUMBER(20,0)",,,,Y,22,,Eid
04_CONSTRAINT,JN_PROSTOR,JN_PROSTOR_PK,1,PRO_ID,P,P,,,ENABLED,VALIDATED,,DEFERRABLE=NOT DEFERRABLE; DEFERRED=IMMEDIATE
04_CONSTRAINT,JN_PROSTOR,JN_PROSTOR_PK,2,JN_REV_NUM,P,P,,,ENABLED,VALIDATED,,DEFERRABLE=NOT DEFERRABLE; DEFERRED=IMMEDIATE
04_CONSTRAINT,JN_PROSTOR,SYS_C00101590,,PRO_ID,C,C,,,ENABLED,VALIDATED,,DEFERRABLE=NOT DEFERRABLE; DEFERRED=IMMEDIATE
04_CONSTRAINT,JN_PROSTOR,SYS_C00101591,,DST_SID,C,C,,,ENABLED,VALIDATED,,DEFERRABLE=NOT DEFERRABLE; DEFERRED=IMMEDIATE
04_CONSTRAINT,JN_PROSTOR,SYS_C00101592,,JN_REV_NUM,C,C,,,ENABLED,VALIDATED,,DEFERRABLE=NOT DEFERRABLE; DEFERRED=IMMEDIATE
05_INDEX,JN_PROSTOR,JN_PROSTOR_PK_JNFT_IX,1,PRO_ID,PRO_ID,,,,NONUNIQUE,NORMAL,ASC,STATUS=VALID; PARTITIONED=NO; COMPRESSION=DISABLED
05_INDEX,JN_PROSTOR,JN_PROSTOR_PK_JNFT_IX,2,JN_REV_NUM,JN_REV_NUM,,,,NONUNIQUE,NORMAL,ASC,STATUS=VALID; PARTITIONED=NO; COMPRESSION=DISABLED
05_INDEX,JN_PROSTOR,JN_PROSTOR_PK_JNFT_IX,3,JN_REV_NUM_TO,JN_REV_NUM_TO,,,,NONUNIQUE,NORMAL,ASC,STATUS=VALID; PARTITIONED=NO; COMPRESSION=DISABLED
05_INDEX,JN_PROSTOR,JN_PROSTOR_PK_JNF_IX,1,PRO_ID,PRO_ID,,,,UNIQUE,NORMAL,ASC,STATUS=VALID; PARTITIONED=NO; COMPRESSION=DISABLED
05_INDEX,JN_PROSTOR,JN_PROSTOR_PK_JNF_IX,2,JN_REV_NUM,JN_REV_NUM,,,,UNIQUE,NORMAL,ASC,STATUS=VALID; PARTITIONED=NO; COMPRESSION=DISABLED
05_INDEX,JN_PROSTOR,JN_PROSTOR_REV_IDX,1,JN_REV_NUM_TO,JN_REV_NUM_TO,,,,NONUNIQUE,NORMAL,ASC,STATUS=VALID; PARTITIONED=NO; COMPRESSION=DISABLED
01_OBJECT,JN_STAVBA,,,,,,,,TABLE,VALID,2026-07-24 09:37:32,
02_TABLE,JN_STAVBA,,,,,,,,3246415,113,2026-07-24 21:01:01,
03_COLUMN,JN_STAVBA,,1,STA_SID,"NUMBER(12,0)",,,,N,22,,Identifikator stavbe (stavba) 
03_COLUMN,JN_STAVBA,,2,KO_SIFKO,"NUMBER(4,0)",,,,N,22,,Sifra katasterske obcine
03_COLUMN,JN_STAVBA,,3,STEV_ST,"NUMBER(11,0)",,,,N,22,,Stevilka stanovanja
03_COLUMN,JN_STAVBA,,4,ST_ETAZ,"NUMBER(2,0)",,,,Y,22,,Številka etaz
03_COLUMN,JN_STAVBA,,5,LETO_IZG_STA,"NUMBER(4,0)",,,,Y,22,,Leto izg sta
03_COLUMN,JN_STAVBA,,6,LETO_OBN_STREHE,"NUMBER(4,0)",,,,Y,22,,Leto obn strehe
03_COLUMN,JN_STAVBA,,7,LETO_OBN_FASADE,"NUMBER(4,0)",,,,Y,22,,Leto obn fasade
03_COLUMN,JN_STAVBA,,8,ID_KONSTRUKCIJA,"NUMBER(12,0)",,,,Y,22,,Identifikator konstrukcija
03_COLUMN,JN_STAVBA,,9,IMA_VODOVOD_DN,"NUMBER(1,0)",,,,Y,22,,Ima vodovod
03_COLUMN,JN_STAVBA,,10,IMA_ELEKTRIKO_DN,"NUMBER(1,0)",,,,Y,22,,Ima elektriko
03_COLUMN,JN_STAVBA,,11,IMA_KANALIZACIJO_DN,"NUMBER(1,0)",,,,Y,22,,Ima kanalizacijo
03_COLUMN,JN_STAVBA,,12,IMA_PLIN_DN,"NUMBER(1,0)",,,,Y,22,,Ima kanalizacijo dn
03_COLUMN,JN_STAVBA,,13,ID_TIP_STAVBE,"NUMBER(12,0)",,,,Y,22,,Identifikator Tip stavbe
03_COLUMN,JN_STAVBA,,14,CENX,"NUMBER(28,9)",,,,Y,22,,Centroid x
03_COLUMN,JN_STAVBA,,15,CENY,"NUMBER(28,9)",,,,Y,22,,Centroid y
03_COLUMN,JN_STAVBA,,16,CENTROID,SDO_GEOMETRY,,,,Y,1,,Centroid
03_COLUMN,JN_STAVBA,,17,ST_STANOVANJ,"NUMBER(5,0)",,,,Y,22,,Številka stanovanj
03_COLUMN,JN_STAVBA,,18,ST_POSLOVNIH_PROSTOROV,"NUMBER(5,0)",,,,Y,22,,Številka poslovnih prostorov
03_COLUMN,JN_STAVBA,,19,JN_REV_NUM,"NUMBER(12,0)",,,,N,22,,Stevilka revizije spremembe
03_COLUMN,JN_STAVBA,,20,JN_REV_NUM_TO,"NUMBER(12,0)",,,,Y,22,,Jn rev num to
03_COLUMN,JN_STAVBA,,21,JN_REV_NUM_PREV,"NUMBER(12,0)",,,,Y,22,,Jn rev num prev
03_COLUMN,JN_STAVBA,,22,JN_STATUS,CHAR(1 BYTE),,,,Y,1,,Jn Status
03_COLUMN,JN_STAVBA,,23,POV_STAVBE,"NUMBER(10,2)",,,,Y,22,,Pov stavbe
03_COLUMN,JN_STAVBA,,24,ZPS_STAVBA,"NUMBER(10,2)",,,,Y,22,,Zps stavba
03_COLUMN,JN_STAVBA,,25,OB_MID,"NUMBER(8,0)",,,,Y,22,,Identifikator zapisa obcine
03_COLUMN,JN_STAVBA,,26,EID,"NUMBER(20,0)",,,,Y,22,,Eid
04_CONSTRAINT,JN_STAVBA,JN_STAVBA_PK,1,STA_SID,P,P,,,ENABLED,VALIDATED,,DEFERRABLE=NOT DEFERRABLE; DEFERRED=IMMEDIATE
04_CONSTRAINT,JN_STAVBA,JN_STAVBA_PK,2,JN_REV_NUM,P,P,,,ENABLED,VALIDATED,,DEFERRABLE=NOT DEFERRABLE; DEFERRED=IMMEDIATE
04_CONSTRAINT,JN_STAVBA,SYS_C00101673,,STA_SID,C,C,,,ENABLED,VALIDATED,,DEFERRABLE=NOT DEFERRABLE; DEFERRED=IMMEDIATE
04_CONSTRAINT,JN_STAVBA,SYS_C00101674,,KO_SIFKO,C,C,,,ENABLED,VALIDATED,,DEFERRABLE=NOT DEFERRABLE; DEFERRED=IMMEDIATE
04_CONSTRAINT,JN_STAVBA,SYS_C00101675,,STEV_ST,C,C,,,ENABLED,VALIDATED,,DEFERRABLE=NOT DEFERRABLE; DEFERRED=IMMEDIATE
04_CONSTRAINT,JN_STAVBA,SYS_C00101676,,JN_REV_NUM,C,C,,,ENABLED,VALIDATED,,DEFERRABLE=NOT DEFERRABLE; DEFERRED=IMMEDIATE
05_INDEX,JN_STAVBA,JN_STAVBA_KOSTEVSTREV_IX,1,KO_SIFKO,KO_SIFKO,,,,NONUNIQUE,NORMAL,ASC,STATUS=VALID; PARTITIONED=NO; COMPRESSION=DISABLED
05_INDEX,JN_STAVBA,JN_STAVBA_KOSTEVSTREV_IX,2,STEV_ST,STEV_ST,,,,NONUNIQUE,NORMAL,ASC,STATUS=VALID; PARTITIONED=NO; COMPRESSION=DISABLED
05_INDEX,JN_STAVBA,JN_STAVBA_KOSTEVSTREV_IX,3,JN_REV_NUM,JN_REV_NUM,,,,NONUNIQUE,NORMAL,ASC,STATUS=VALID; PARTITIONED=NO; COMPRESSION=DISABLED
05_INDEX,JN_STAVBA,JN_STAVBA_KOSTEVSTREV_IX,4,JN_REV_NUM_TO,JN_REV_NUM_TO,,,,NONUNIQUE,NORMAL,ASC,STATUS=VALID; PARTITIONED=NO; COMPRESSION=DISABLED
05_INDEX,JN_STAVBA,JN_STAVBA_KOSTEVSTSTASID_IX,1,KO_SIFKO,KO_SIFKO,,,,NONUNIQUE,NORMAL,ASC,STATUS=VALID; PARTITIONED=NO; COMPRESSION=DISABLED
05_INDEX,JN_STAVBA,JN_STAVBA_KOSTEVSTSTASID_IX,2,STEV_ST,STEV_ST,,,,NONUNIQUE,NORMAL,ASC,STATUS=VALID; PARTITIONED=NO; COMPRESSION=DISABLED
05_INDEX,JN_STAVBA,JN_STAVBA_KOSTEVSTSTASID_IX,3,STA_SID,STA_SID,,,,NONUNIQUE,NORMAL,ASC,STATUS=VALID; PARTITIONED=NO; COMPRESSION=DISABLED
05_INDEX,JN_STAVBA,JN_STAVBA_PK_JNFT_IX,1,STA_SID,STA_SID,,,,NONUNIQUE,NORMAL,ASC,STATUS=VALID; PARTITIONED=NO; COMPRESSION=DISABLED
05_INDEX,JN_STAVBA,JN_STAVBA_PK_JNFT_IX,2,JN_REV_NUM,JN_REV_NUM,,,,NONUNIQUE,NORMAL,ASC,STATUS=VALID; PARTITIONED=NO; COMPRESSION=DISABLED
05_INDEX,JN_STAVBA,JN_STAVBA_PK_JNFT_IX,3,JN_REV_NUM_TO,JN_REV_NUM_TO,,,,NONUNIQUE,NORMAL,ASC,STATUS=VALID; PARTITIONED=NO; COMPRESSION=DISABLED
05_INDEX,JN_STAVBA,JN_STAVBA_PK_JNF_IX,1,STA_SID,STA_SID,,,,UNIQUE,NORMAL,ASC,STATUS=VALID; PARTITIONED=NO; COMPRESSION=DISABLED
05_INDEX,JN_STAVBA,JN_STAVBA_PK_JNF_IX,2,JN_REV_NUM,JN_REV_NUM,,,,UNIQUE,NORMAL,ASC,STATUS=VALID; PARTITIONED=NO; COMPRESSION=DISABLED
05_INDEX,JN_STAVBA,JN_STAVBA_REV_IDX,1,JN_REV_NUM_TO,JN_REV_NUM_TO,,,,NONUNIQUE,NORMAL,ASC,STATUS=VALID; PARTITIONED=NO; COMPRESSION=DISABLED
05_INDEX,JN_STAVBA,JN_STAVBA_REV_IX,1,JN_REV_NUM,JN_REV_NUM,,,,NONUNIQUE,FUNCTION-BASED NORMAL,ASC,STATUS=VALID; PARTITIONED=NO; COMPRESSION=DISABLED
05_INDEX,JN_STAVBA,JN_STAVBA_REV_IX,2,SYS_NC00034$,SYS_NC00034$,,,,NONUNIQUE,FUNCTION-BASED NORMAL,ASC,STATUS=VALID; PARTITIONED=NO; COMPRESSION=DISABLED
06_LOB,JN_STAVBA,SYS_LOB0001053905C00022$$,,"""CENTROID"".""SDO_ELEM_INFO""",SYS_LOB0001053905C00022$$,,,,YES,YES,YES,TABLESPACE=EV_TS
06_LOB,JN_STAVBA,SYS_LOB0001053905C00023$$,,"""CENTROID"".""SDO_ORDINATES""",SYS_LOB0001053905C00023$$,,,,YES,YES,YES,TABLESPACE=EV_TS
01_OBJECT,PARC_PRIPIS_PODATKI,,,,,,,,TABLE,VALID,2026-07-24 09:37:27,
02_TABLE,PARC_PRIPIS_PODATKI,,,,,,,,8584239,121,2026-07-21 21:03:10,
03_COLUMN,PARC_PRIPIS_PODATKI,,1,ID,VARCHAR2(25 CHAR),,,,N,100,,Identifikator tabele
03_COLUMN,PARC_PRIPIS_PODATKI,,2,CREATED_AT,TIMESTAMP(6),,,,Y,11,DEFAULT EXISTS; LENGTH=12,Kreirano
03_COLUMN,PARC_PRIPIS_PODATKI,,3,PC_MID,"NUMBER(28,0)",,,,Y,22,,Identifikator parcele
03_COLUMN,PARC_PRIPIS_PODATKI,,4,EID,VARCHAR2(20 CHAR),,,,Y,80,,Eid
03_COLUMN,PARC_PRIPIS_PODATKI,,5,ID_MODEL,VARCHAR2(10 CHAR),,,,Y,40,,Identifikator model
03_COLUMN,PARC_PRIPIS_PODATKI,,6,ERROR_MSG,VARCHAR2(1000 BYTE),,,,Y,1000,,Error msg
03_COLUMN,PARC_PRIPIS_PODATKI,,7,RAVEN,"NUMBER(4,0)",,,,Y,22,,Raven
03_COLUMN,PARC_PRIPIS_PODATKI,,8,CONA_IME,VARCHAR2(50 BYTE),,,,Y,50,,Cona Ime
03_COLUMN,PARC_PRIPIS_PODATKI,,9,IZMERA,"NUMBER(12,2)",,,,Y,22,,Izmera
03_COLUMN,PARC_PRIPIS_PODATKI,,10,POVR_HME,"NUMBER(12,2)",,,,Y,22,,Povr hme
03_COLUMN,PARC_PRIPIS_PODATKI,,11,VT_HME_M2,"NUMBER(12,2)",,,,Y,22,,Vt hme m2
03_COLUMN,PARC_PRIPIS_PODATKI,,12,POVR_VIN,"NUMBER(12,2)",,,,Y,22,,Povr vin
03_COLUMN,PARC_PRIPIS_PODATKI,,13,VT_VIN_M2,"NUMBER(12,2)",,,,Y,22,,Vt vin m2
03_COLUMN,PARC_PRIPIS_PODATKI,,14,POVR_SAD,"NUMBER(12,2)",,,,Y,22,,Povr sad
03_COLUMN,PARC_PRIPIS_PODATKI,,15,VT_SAD_M2,"NUMBER(12,2)",,,,Y,22,,Vt sad m2
03_COLUMN,PARC_PRIPIS_PODATKI,,16,POVR_OLJ,"NUMBER(12,2)",,,,Y,22,,Povr olj
03_COLUMN,PARC_PRIPIS_PODATKI,,17,VT_OLJ_M2,"NUMBER(12,2)",,,,Y,22,,Vt olj m2
03_COLUMN,PARC_PRIPIS_PODATKI,,18,VT_Z_M2,"NUMBER(12,2)",,,,Y,22,,Vt z m2
03_COLUMN,PARC_PRIPIS_PODATKI,,19,BONITETA,"NUMBER(12,2)",,,,Y,22,,Boniteta
03_COLUMN,PARC_PRIPIS_PODATKI,,20,F_BON,"NUMBER(12,2)",,,,Y,22,,F bon
03_COLUMN,PARC_PRIPIS_PODATKI,,21,RK,"NUMBER(12,2)",,,,Y,22,,Rk
03_COLUMN,PARC_PRIPIS_PODATKI,,22,F_RK,"NUMBER(12,2)",,,,Y,22,,F rk
03_COLUMN,PARC_PRIPIS_PODATKI,,23,ODPRTOST,"NUMBER(12,2)",,,,Y,22,,Odprtost
03_COLUMN,PARC_PRIPIS_PODATKI,,24,F_ODP,"NUMBER(12,2)",,,,Y,22,,F odp
03_COLUMN,PARC_PRIPIS_PODATKI,,25,F_POVR,"NUMBER(12,2)",,,,Y,22,,F povr
03_COLUMN,PARC_PRIPIS_PODATKI,,26,POVR_A,"NUMBER(12,2)",,,,Y,22,,Povr a
03_COLUMN,PARC_PRIPIS_PODATKI,,27,VT_A_M2,"NUMBER(12,2)",,,,Y,22,,Vt a m2
03_COLUMN,PARC_PRIPIS_PODATKI,,28,POVR_B,"NUMBER(12,2)",,,,Y,22,,Povr b
03_COLUMN,PARC_PRIPIS_PODATKI,,29,VT_B_M2,"NUMBER(12,2)",,,,Y,22,,Vt b m2
03_COLUMN,PARC_PRIPIS_PODATKI,,30,POVR_C,"NUMBER(12,2)",,,,Y,22,,Povr c
03_COLUMN,PARC_PRIPIS_PODATKI,,31,VT_C_M2,"NUMBER(12,2)",,,,Y,22,,Vt c m2
03_COLUMN,PARC_PRIPIS_PODATKI,,32,POVR_D,"NUMBER(12,2)",,,,Y,22,,Povr d
03_COLUMN,PARC_PRIPIS_PODATKI,,33,VT_D_M2,"NUMBER(12,2)",,,,Y,22,,Vt d m2
03_COLUMN,PARC_PRIPIS_PODATKI,,34,POVR_E,"NUMBER(12,2)",,,,Y,22,,Povr e
03_COLUMN,PARC_PRIPIS_PODATKI,,35,VT_E_M2,"NUMBER(12,2)",,,,Y,22,,Vt e m2
03_COLUMN,PARC_PRIPIS_PODATKI,,36,POVR_F,"NUMBER(12,2)",,,,Y,22,,Povr f
03_COLUMN,PARC_PRIPIS_PODATKI,,37,VT_F_M2,"NUMBER(12,2)",,,,Y,22,,Vt f m2
03_COLUMN,PARC_PRIPIS_PODATKI,,38,POVR_G,"NUMBER(12,2)",,,,Y,22,,Povr g
03_COLUMN,PARC_PRIPIS_PODATKI,,39,VT_G_M2,"NUMBER(12,2)",,,,Y,22,,Vt g m2
03_COLUMN,PARC_PRIPIS_PODATKI,,40,POVR_H,"NUMBER(12,2)",,,,Y,22,,Povr h
03_COLUMN,PARC_PRIPIS_PODATKI,,41,VT_H_M2,"NUMBER(12,2)",,,,Y,22,,Vt h m2
03_COLUMN,PARC_PRIPIS_PODATKI,,42,POVR_VOD,"NUMBER(12,2)",,,,Y,22,,Povr vod
03_COLUMN,PARC_PRIPIS_PODATKI,,43,VT_VOD_M2,"NUMBER(12,2)",,,,Y,22,,Vt vod m2
03_COLUMN,PARC_PRIPIS_PODATKI,,44,POVR_POZ,"NUMBER(12,2)",,,,Y,22,,Povr poz
03_COLUMN,PARC_PRIPIS_PODATKI,,45,VT_POZ_M2,"NUMBER(12,2)",,,,Y,22,,Vt poz m2
03_COLUMN,PARC_PRIPIS_PODATKI,,46,JN_REV_NUM,"NUMBER(12,0)",,,,N,22,,Stevilka revizije spremembe
03_COLUMN,PARC_PRIPIS_PODATKI,,47,F_ODD,"NUMBER(12,2)",,,,Y,22,,F odd
03_COLUMN,PARC_PRIPIS_PODATKI,,48,VPLIVI,VARCHAR2(1000 CHAR),,,,Y,4000,,Vplivi
03_COLUMN,PARC_PRIPIS_PODATKI,,49,VREDNOST,"NUMBER(12,2)",,,,Y,22,,Vrednost
04_CONSTRAINT,PARC_PRIPIS_PODATKI,SYS_C00101828,,ID,C,C,,,ENABLED,VALIDATED,,DEFERRABLE=NOT DEFERRABLE; DEFERRED=IMMEDIATE
04_CONSTRAINT,PARC_PRIPIS_PODATKI,SYS_C00101829,,JN_REV_NUM,C,C,,,ENABLED,VALIDATED,,DEFERRABLE=NOT DEFERRABLE; DEFERRED=IMMEDIATE
04_CONSTRAINT,PARC_PRIPIS_PODATKI,SYS_C00102670,1,ID,P,P,,,ENABLED,VALIDATED,,DEFERRABLE=NOT DEFERRABLE; DEFERRED=IMMEDIATE
05_INDEX,PARC_PRIPIS_PODATKI,SYS_C0034999,1,ID,ID,,,,UNIQUE,NORMAL,ASC,STATUS=VALID; PARTITIONED=NO; COMPRESSION=DISABLED
